{
  "config": {
    "workers": 24,
    "chunks": 24,
    "total_tokens": 5080.0,
    "device": "cuda"
  },
  "sequential": {
    "elapsed": 1.0485293865203857,
    "tokens": 5080.0,
    "throughput": 4844.880902058756
  },
  "parallel": {
    "elapsed": 1.1228172779083252,
    "tokens": 5080.0,
    "throughput": 4524.333656018755,
    "workers": 24
  },
  "comparison": {
    "speedup": 0.9338379513304881,
    "efficiency_percent": 3.8909914638770338,
    "time_saved": -0.07428789138793945
  }
}