{
  "configuration": {
    "model": "qwen_4b",
    "device": "cuda",
    "precision": "fp16",
    "batch_size": 256,
    "num_texts": 7,
    "total_tokens": 12390.76923076923
  },
  "performance": {
    "elapsed_seconds": 1.2893037796020508,
    "total_tokens": 12390.76923076923,
    "tokens_per_second": 9610.434272203634,
    "texts_per_second": 5.429286806372801
  }
}